{
    "speed": {
        "P": [
            6.0,
            14.0,
            14.0
        ],
        "I": [
            0.001,
            0.001,
            0.001
        ],
        "D": [
            0.0,
            0.0,
            0.0
        ],
        "lowPassFilter": [
            0.3,
            0.2,
            0.5
        ]
    },
    "qCurrent": {
        "P": [
            0.2,
            0.6,
            0.2
        ],
        "I": [
            20.0,
            20.0,
            20.0
        ],
        "D": [
            0.0,
            0.0,
            0.0
        ],
        "lowPassFilter": [
            0.9,
            0.9,
            0.9
        ]
    },
    "position": {
        "P": [
            35.0,
            25.0,
            20.0
        ],
        "I": [
            105.0,
            75.0,
            60.0
        ],
        "D": [
            0.01,
            0.01,
            0.01
        ],
        "lowPassFilter": [
            0.1,
            0.1,
            0.1
        ],
        "posControlThreshold": [
            0.05,
            0.034907,
            0.034907
        ]
    },
    "motion": {
        "acc": [
            15.0,
            5.0,
            5.0
        ],
        "dec": [
            15.0,
            5.0,
            5.0
        ],
        "maxSpeed": [
            15.0,
            5.0,
            5.0
        ]
    },
    "torque": {
        "maxTorque": [
            5.0,
            5.0,
            5.0
        ],
        "limitCurrent": [
            20.0,
            20.0,
            20.0
        ]
    }
}